{
  "type": "minecraft:chest",
  "pools": [
    {
      "rolls": {
        "type": "minecraft:uniform",
        "min": 1,
        "max": 3
      },
      "bonus_rolls": 0,
      "entries": [
        {
          "type": "minecraft:item",
          "name": "minecraft:saddle",
          "weight": 20,
          "functions": [
            {
              "function": "minecraft:set_components",
              "components": {
                "minecraft:max_stack_size": 64
              }
            }
          ]
        },
        {
          "type": "minecraft:item",
          "name": "minecraft:golden_apple",
          "weight": 15
        },
        {
          "type": "minecraft:item",
          "name": "minecraft:enchanted_golden_apple",
          "weight": 2
        },
        {
          "type": "minecraft:item",
          "name": "minecraft:music_disc_otherside",
          "weight": 2,
          "functions": [
            {
              "function": "minecraft:set_components",
              "components": {
                "minecraft:max_stack_size": 64
              }
            }
          ]
        },
        {
          "type": "minecraft:item",
          "name": "minecraft:music_disc_13",
          "weight": 15,
          "functions": [
            {
              "function": "minecraft:set_components",
              "components": {
                "minecraft:max_stack_size": 64
              }
            }
          ]
        },
        {
          "type": "minecraft:item",
          "name": "minecraft:music_disc_cat",
          "weight": 15,
          "functions": [
            {
              "function": "minecraft:set_components",
              "components": {
                "minecraft:max_stack_size": 64
              }
            }
          ]
        },
        {
          "type": "minecraft:item",
          "name": "minecraft:name_tag",
          "weight": 20
        },
        {
          "type": "minecraft:item",
          "name": "minecraft:golden_horse_armor",
          "weight": 10
        },
        {
          "type": "minecraft:item",
          "name": "minecraft:iron_horse_armor",
          "weight": 15
        },
        {
          "type": "minecraft:item",
          "name": "minecraft:diamond_horse_armor",
          "weight": 5
        },
        {
          "type": "minecraft:item",
          "name": "minecraft:book",
          "weight": 10,
          "functions": [
            {
              "function": "minecraft:enchant_randomly"
            }
          ]
        }
      ]
    },
    {
      "rolls": {
        "type": "minecraft:uniform",
        "min": 1,
        "max": 4
      },
      "bonus_rolls": 0,
      "entries": [
        {
          "type": "minecraft:item",
          "name": "minecraft:iron_ingot",
          "weight": 10,
          "functions": [
            {
              "function": "minecraft:set_count",
              "count": {
                "type": "minecraft:uniform",
                "min": 1,
                "max": 4
              },
              "add": false
            }
          ]
        },
        {
          "type": "minecraft:item",
          "name": "minecraft:gold_ingot",
          "weight": 5,
          "functions": [
            {
              "function": "minecraft:set_count",
              "count": {
                "type": "minecraft:uniform",
                "min": 1,
                "max": 4
              },
              "add": false
            }
          ]
        },
        {
          "type": "minecraft:item",
          "name": "minecraft:bread",
          "weight": 20
        },
        {
          "type": "minecraft:item",
          "name": "minecraft:wheat",
          "weight": 20,
          "functions": [
            {
              "function": "minecraft:set_count",
              "count": {
                "type": "minecraft:uniform",
                "min": 1,
                "max": 4
              },
              "add": false
            }
          ]
        },
        {
          "type": "minecraft:item",
          "name": "minecraft:bucket",
          "weight": 10,
          "functions": [
            {
              "function": "minecraft:set_components",
              "components": {
                "minecraft:max_stack_size": 64
              }
            }
          ]
        },
        {
          "type": "minecraft:item",
          "name": "minecraft:redstone",
          "weight": 15,
          "functions": [
            {
              "function": "minecraft:set_count",
              "count": {
                "type": "minecraft:uniform",
                "min": 1,
                "max": 4
              },
              "add": false
            }
          ]
        },
        {
          "type": "minecraft:item",
          "name": "minecraft:coal",
          "weight": 15,
          "functions": [
            {
              "function": "minecraft:set_count",
              "count": {
                "type": "minecraft:uniform",
                "min": 1,
                "max": 4
              },
              "add": false
            }
          ]
        },
        {
          "type": "minecraft:item",
          "name": "minecraft:melon_seeds",
          "weight": 10,
          "functions": [
            {
              "function": "minecraft:set_count",
              "count": {
                "type": "minecraft:uniform",
                "min": 2,
                "max": 4
              },
              "add": false
            }
          ]
        },
        {
          "type": "minecraft:item",
          "name": "minecraft:pumpkin_seeds",
          "weight": 10,
          "functions": [
            {
              "function": "minecraft:set_count",
              "count": {
                "type": "minecraft:uniform",
                "min": 2,
                "max": 4
              },
              "add": false
            }
          ]
        },
        {
          "type": "minecraft:item",
          "name": "minecraft:beetroot_seeds",
          "weight": 10,
          "functions": [
            {
              "function": "minecraft:set_count",
              "count": {
                "type": "minecraft:uniform",
                "min": 2,
                "max": 4
              },
              "add": false
            }
          ]
        }
      ]
    },
    {
      "rolls": 3,
      "bonus_rolls": 0,
      "entries": [
        {
          "type": "minecraft:item",
          "name": "minecraft:bone",
          "weight": 10,
          "functions": [
            {
              "function": "minecraft:set_count",
              "count": {
                "type": "minecraft:uniform",
                "min": 1,
                "max": 8
              },
              "add": false
            }
          ]
        },
        {
          "type": "minecraft:item",
          "name": "minecraft:gunpowder",
          "weight": 10,
          "functions": [
            {
              "function": "minecraft:set_count",
              "count": {
                "type": "minecraft:uniform",
                "min": 1,
                "max": 8
              },
              "add": false
            }
          ]
        },
        {
          "type": "minecraft:item",
          "name": "minecraft:rotten_flesh",
          "weight": 10,
          "functions": [
            {
              "function": "minecraft:set_count",
              "count": {
                "type": "minecraft:uniform",
                "min": 1,
                "max": 8
              },
              "add": false
            }
          ]
        },
        {
          "type": "minecraft:item",
          "name": "minecraft:string",
          "weight": 10,
          "functions": [
            {
              "function": "minecraft:set_count",
              "count": {
                "type": "minecraft:uniform",
                "min": 1,
                "max": 8
              },
              "add": false
            }
          ]
        }
      ]
    }
  ],
  "random_sequence": "minecraft:chests/simple_dungeon"
}
