{
  "type": "minecraft:crafting_shapeless",
  "category": "misc",
  "ingredients": [
    {
      "item": "minecraft:disc_fragment_5"
    },
    {
      "item": "minecraft:disc_fragment_5"
    },
    {
      "item": "minecraft:disc_fragment_5"
    },
    {
      "item": "minecraft:disc_fragment_5"
    },
    {
      "item": "minecraft:disc_fragment_5"
    },
    {
      "item": "minecraft:disc_fragment_5"
    },
    {
      "item": "minecraft:disc_fragment_5"
    },
    {
      "item": "minecraft:disc_fragment_5"
    },
    {
      "item": "minecraft:disc_fragment_5"
    }
  ],
  "result": {
    "id": "minecraft:music_disc_5",
    "count": 1,
    "components": {
      "minecraft:max_stack_size": 64
    }
  }
}
